Category,strategy,test_set_same_day,train_nodes_next_day,unqueried_nodes_next_day,unqueried_nodes_same_day
Random,random_sample,0.89 (0.14),0.8 (0.3),0.81 (0.13),0.8 (0.11)
Uncertainty,uncertainty_entropy,0.88 (0.16),0.78 (0.3),0.8 (0.15),0.8 (0.12)
Uncertainty,uncertainty_least_confidence,0.88 (0.16),0.78 (0.3),0.8 (0.15),0.8 (0.12)
Uncertainty,uncertainty_margin,0.87 (0.16),0.77 (0.33),0.81 (0.12),0.78 (0.12)
Graph Centrality,degree,0.86 (0.16),0.73 (0.34),0.79 (0.14),0.79 (0.1)
Graph Centrality,pagerank,0.88 (0.16),0.87 (0.25),0.79 (0.13),0.8 (0.1)
Clustering,coreset,0.89 (0.16),0.82 (0.28),0.81 (0.12),0.81 (0.11)
Clustering,density,0.9 (0.14),0.86 (0.24),0.78 (0.16),0.8 (0.12)
Clustering,featProp,0.89 (0.16),0.87 (0.28),0.8 (0.13),0.8 (0.11)
Partition + Clustering,graphpart,0.88 (0.17),nan (nan),0.78 (0.15),0.79 (0.12)
Partition + Clustering,graphpartfar,0.88 (0.17),nan (nan),0.78 (0.15),0.79 (0.12)
